Run ID;num_shots;prompt_name;seed;exact_match/mean;f1_score/mean;negative_ratio/mean;positive_ratio/mean;precision/mean;recall/mean
ded5cf2ff0614df3aace36c014a9d7cc;10;loft-v2;5;0.8493895767685847;0.9255801913734587;0.9227197034991151;1.0251536418374654;0.8849262649115591;0.9784211852961854
b0ccaf85dc594c7f83907c60cd5a80d9;10;loft-v2;4;0.8477183668438918;0.9238513724728111;0.9221939237233355;1.031869435303259;0.881577355937263;0.9788520414770414
cc7ed867b92e485d9b37b9913e23807a;10;loft-v2;3;0.8506454521661515;0.9235599242493843;0.9307988419532537;1.0230286075580193;0.8876090788439859;0.9714413595663596
3c4195ce44e64f76ae578cb26ecee7b4;10;loft-v2;2;0.8510830216199748;0.9269186111880735;0.9287620824164943;1.016905249434661;0.8902584438981499;0.9747751045251044
b68192e7062b4c308b37e22a55c945de;10;loft-v2;1;0.8470830470410023;0.9242638946640462;0.9202986615780734;1.031531148589972;0.8822415066014138;0.9787053825803826
a4be12124c7d4e7fb64fdadfe8880e3e;8;loft-v2;5;0.8450425896699184;0.923658416890078;0.9180522954714131;1.033662253596077;0.8848056798865622;0.9756771006771008
76cd660786f54d518535976a244a7579;8;loft-v2;4;0.8421692373449676;0.9198779088424207;0.9140259976951154;1.044039760348584;0.8777722411031234;0.9757540977540977
1cd23b71b8b944f1b81af2e8e7e6e93d;8;loft-v2;3;0.8427082755764947;0.9201513670738685;0.9254781381472558;1.0354927980516215;0.8832329489682432;0.9701558534058534
865245c18c59418283df2da6bb871288;10;loft-with-instructions;5;0.7762127338794925;0.7662264420828324;0.965536701316113;0.6575857557475205;0.8920800520285814;0.7120145317645318
76e1ba5a149b4774b2538e87b1108717;8;loft-v2;2;0.8469009671548943;0.9239211483395909;0.9244649106340282;1.0239695759033993;0.8882436504127681;0.9717601102601103
dc964d9148744abd91107e26c3509676;10;loft-with-instructions;4;0.8248798846095151;0.8758746605386002;0.9570163189207307;0.8703683614860086;0.8922093829373241;0.8770007585007584
508caef2bcb84e7ea6951eff47abefcc;8;loft-v2;1;0.8400425600190878;0.9202608283749029;0.9126803988495166;1.047529853588677;0.8780532808694573;0.9769001184001184
23fac34f8435457789e3070a43762728;10;loft-with-instructions;3;0.7691741085714163;0.7519269201399714;0.9692271775065894;0.645385857878505;0.8786428259419745;0.6959697802197802
a1bb9514b0b34256acaaf6069b78fb0b;5;loft-v2;5;0.8462778432914756;0.9193302353082153;0.9206443219090278;1.0255216950805186;0.8791100239629651;0.9724896261146262
3e0c8b6c82874b409b31656d0d7ee686;10;loft-with-instructions;2;0.8014169499227684;0.82266012658656;0.9654883607677724;0.7430405286434698;0.8951488014479501;0.7888350630850631
337c8cd572474fdba7db8544824e0df7;5;loft-v2;4;0.8392967202313548;0.9138927897218457;0.9205675422072481;1.0237499020587257;0.873112220840162;0.9680766872016872
f506aaa155204f3d8a679a34e6374cd5;10;loft-with-instructions;1;0.8233429119895973;0.8752911319254029;0.9526745079539197;0.8615173157452568;0.8934404204183615;0.8743803418803417
f2b52b901ef943099b3b9512bd3a27ca;5;loft-v2;3;0.8424666025885941;0.9143436637897562;0.9272419048816107;1.0166451285642462;0.8787547773577186;0.9620383227883228
59bb1b74ad4b426ba2c768057198dd98;8;loft-with-instructions;5;0.7432902224204755;0.6889197083487518;0.9728493516287635;0.5608119356134061;0.8645058086764743;0.6180665260665261
74a4166be0a14e87bfefc7bd6b6079c6;5;loft-v2;2;0.845456519734858;0.917270842679981;0.9268580664977722;1.0146832802273977;0.8816826479620598;0.9652085507085508
46d680e225064bc9be3340c3f7e63756;8;loft-with-instructions;4;0.8032974052016991;0.8422761935049877;0.953677733486557;0.8201466169995582;0.8833398867214658;0.8313560328560328
7166427a985f44228b32aedbab401148;5;loft-v2;1;0.8404769243818107;0.9145095782851238;0.9157711256608316;1.0295753127591363;0.8721770381035087;0.9705814000814001
bdeba815794a4256b03167f9c816b8be;8;loft-with-instructions;3;0.7407071639791386;0.6838282766115561;0.9736709004503122;0.5501484740749446;0.8651263953911013;0.6093377964627965
b88f093127b04a19a994b9dff70c824e;3;loft-v2;5;0.8400491284641036;0.9177592228626039;0.9194225700769819;1.0030178892458304;0.8814465855495267;0.9674623709623709
00fdeb14479941c7aedf0f0ad5d63ab4;8;loft-with-instructions;2;0.7845978813952632;0.7884174783645127;0.968341765260883;0.6921750044617692;0.8933277185777185;0.7423624153624153
c8042fc23206444c94934d688c6810f7;3;loft-v2;4;0.8334782947333896;0.9101313765887398;0.9166994321038437;1.0110213302492714;0.8714208109428697;0.9637942612942613
70cc541f53784b34a579840306db334a;8;loft-with-instructions;1;0.8060160971371598;0.8468979335967409;0.9542609465697702;0.8188008701538113;0.8889072571735112;0.8338720076220076
441673db26d843ef8fc53e7539cf8a92;3;loft-v2;3;0.8399543601196717;0.9124347748077933;0.9276448154242273;0.997764470007117;0.8801589788207436;0.9579843952343953
06ae50e7c1b24395a50cd13ee4a4e69c;5;loft-with-instructions;5;0.7014410654212949;0.570679669007849;0.976013650293062;0.41829218031423915;0.8312877041259394;0.48536460761460765
d142ffd980474c80b7fc9a48564ba302;3;loft-v2;2;0.8414750527340176;0.9146770873672488;0.9251238687782806;0.9923333178259649;0.882931322490146;0.9600802160802162
1649e298a1e54b52bf019a6cc0b2a076;5;loft-with-instructions;4;0.7841416956921972;0.8211516170728188;0.9517083847525024;0.7803515093294505;0.8860621298779193;0.7981673696673697
481c7889037e47dc9eabade533588fe9;3;loft-v2;1;0.8320582863791708;0.9099804024385757;0.91121341811783;1.014713133816075;0.8689893216804983;0.9661699596699597
a911183d3f6d4fb09973a6ae5370aa17;5;loft-with-instructions;3;0.7044050755397169;0.5716058939833741;0.981218473247885;0.4151841791106497;0.8337536075036075;0.4839671439671439
cfe2723e7f714757bcd46909624962e1;2;loft-v2;5;0.8364142604969601;0.916909383069532;0.917492497426321;1.017536829455947;0.8783022628243218;0.9693606717356718
e0909e3999884cfcb145153b7262ded1;5;loft-with-instructions;2;0.7428151697370098;0.699511369867414;0.9698060278501455;0.5698839159206806;0.8874603231735585;0.6286626059126059
9dd27c39ae264f60b0f29772947e796b;2;loft-v2;4;0.8303370437157455;0.9108987960153376;0.9110755902594139;1.0286962348653523;0.8687157960956979;0.9683345913345912
abbd57916ec04c4593a10d75a4b7db59;5;loft-with-instructions;1;0.783646620353418;0.8137625208245858;0.9522463130551366;0.7674596987979341;0.8822539043200808;0.7879153994153995
e3e78530ef86427588fc9ebbb53b3164;2;loft-v2;3;0.8361167397915445;0.9130781021422458;0.9220414392252627;1.0168842783033958;0.8768119726134432;0.9630951224701224
db27c923af0c4c3cb981ac5ea7294e79;3;loft-with-instructions;5;0.7084115544173997;0.587624962980345;0.9778904877801936;0.4267610420625127;0.8392135965885966;0.49836509786509786
4965d2b761124876851828dd7575df3b;2;loft-v2;2;0.8378576067677057;0.9164004436886841;0.9205004339342575;1.0130783249974427;0.8802902397167103;0.9667584128834128
8568dbbfef9c412c9b30d1d26daa19fc;3;loft-with-instructions;4;0.7857322797204241;0.8151523531652133;0.9598393074790134;0.7901332520964874;0.8791924001924002;0.796794585044585
c1253bb4499f44fc84036a679d40e8ec;2;loft-v2;1;0.8293377203267162;0.911050117987302;0.9060277307115543;1.0322686161877337;0.8677523899818791;0.9698269785769785
51031e6dba604e73b8e03ed90f110b46;3;loft-with-instructions;3;0.706619732983473;0.5867835789933715;0.982084040959041;0.42280234335381395;0.8440068126318127;0.4951897269397269
77aec0e209fd49d2a4c31c439e7ddb1d;1;loft-v2;5;0.8359591208504085;0.9121062658399127;0.9207940509925804;1.0004114197349492;0.8796521196668257;0.9580099992599992
af6322a5044443e086e4258583d7c61d;3;loft-with-instructions;2;0.7509643462635588;0.7078258489869811;0.9728303964553965;0.5851770223240811;0.8706363647246;0.6446498408998409
53ba0ecf5edf445c84b5c81f339d9922;1;loft-v2;4;0.8289211026873398;0.9072555358856408;0.9157253617841853;1.0109756550638904;0.8718948026374498;0.9568455710955711
2715f8ee75ea4cdfa4dd36cea9295731;3;loft-with-instructions;1;0.7903821789225914;0.8223950362902397;0.9606117942515001;0.7962304748628277;0.8842866855366855;0.8049698912198913
ba3014e711ea4b1a8b1c86d154c2b7cd;1;loft-v2;3;0.8313402021022057;0.9079141609184314;0.9267822275763452;1.0031211114593468;0.877678758061111;0.9515557775557776
2b65d7a4078d4cadac1572765d42cfa7;2;loft-with-instructions;5;0.6841153400974271;0.5364725181154377;0.9814426406926406;0.37499383106000755;0.8077533300033299;0.4449607707107707
28787d6dad9840bb9c1bee9b3d7d7191;1;loft-v2;2;0.8355456227508152;0.9112143334673368;0.9235847061435297;0.9973148033883329;0.8816780585971763;0.9536463258963259
0d8d213db49043fd8a09afd612f8418f;2;loft-with-instructions;4;0.7672311897035178;0.8061486193051673;0.9489321669615788;0.7910503083517789;0.8629192748972162;0.7925728715728716
19043b2b625943a2a53c0bb6bb021d2e;1;loft-v2;1;0.8293949026718983;0.9081162161421826;0.9135781631222809;1.008115123438653;0.8742663371486902;0.9561066433566433
ccb03022995045bf850d515941354de6;2;loft-with-instructions;3;0.6788765996023938;0.5312979035666476;0.9827987845487844;0.3786063204224969;0.8031361971361971;0.44108134458134457
acb7b65e961642f69af1631870b8cbae;0;loft-v2;5;0.7970173182170726;0.8661451311296802;0.9737467287614346;0.8330414582693995;0.9046263412513411;0.8456264615014615
3a3f9675a7644e01aeba169f56ab4266;2;loft-with-instructions;2;0.7387004801703584;0.7028749005559052;0.9714055666555667;0.5924242954757661;0.86407298638181;0.6418181170681171
cde1e42857704cfdb06165c60dcb3c73;0;loft-v2;4;0.7849091530470148;0.8540802648658583;0.975510246289658;0.8344941523617994;0.8933067183361302;0.8339306018056019
c5ea6acb58a94b2cbdc2ef9359f75a8d;2;loft-with-instructions;1;0.769197734548596;0.808479038582091;0.9508870837767897;0.7893770556785262;0.8724518760106995;0.7921050153550154
7e51db294a02413bb4d8a95b61eab2e6;0;loft-v2;3;0.7779196341007621;0.8335192078977559;0.9763409553409553;0.7898169387801741;0.8913841436341436;0.8037484552484552
b62383a01d964ecd80b866292d965522;1;loft-with-instructions;5;0.5933809478783433;0.1633612351700587;0.9985765993265993;0.09536999384058208;0.3281957671957672;0.12202910977910977
09e6f24b2cb446c4866bef16ddaf558b;0;loft-v2;2;0.7893643701446198;0.8521995570568704;0.9757837657984716;0.8061446883726295;0.9051891811891812;0.8228961362711362
531e2a2796b74fae8307e04745bafcf9;1;loft-with-instructions;4;0.6671922942205888;0.47526568489893944;0.9857562938151174;0.3629475559843207;0.6893801944243121;0.40592925592925594
affdcc2d4b824ca1aed6bf8068255384;0;loft-v2;1;0.7871338248177392;0.8559060077223927;0.9737972833266951;0.8376985868162339;0.8961638565682684;0.8358222240722241
850dc3c80dbd438a83b7025e6b4dec79;1;loft-with-instructions;3;0.5932870150989885;0.16017736772084598;0.9985765993265993;0.08978930600989424;0.33526695526695527;0.11793165168165168
763c39189a9342158bcbef6811df7668;1;loft-with-instructions;2;0.6267784703264311;0.30497865487339176;0.9944057239057239;0.20552700295347354;0.5191179283679284;0.24428339253339254
b3be9ce726bd4f2cbbf730782ce54d49;1;loft-with-instructions;1;0.6695784522146415;0.47015697971241194;0.9862715868009986;0.35922130211836095;0.6941540496540497;0.40075581825581824
195a20165852444ebee5f966b093c2fe;0;loft-with-instructions;5;0.6556613245917123;0.5483568673064254;0.974769143438261;0.43209914704032354;0.7960295276618806;0.4655093378843379
bcaf414d45b8416c8272f42ddfaf076c;0;loft-with-instructions;4;0.7454125816308647;0.8004161897026097;0.9606642020833198;0.8161211952535482;0.8556213779054336;0.7873399702149703
c72a5eae5b5b4bb0ab6b79882ff12fcc;0;loft-with-instructions;3;0.6642476746315957;0.570610201242773;0.9767538129082247;0.47991211185328836;0.7853822813896343;0.5009098355348355
74bafbc4fa474b1ab4ac609fb04494fc;0;loft-with-instructions;2;0.710647457943063;0.712272696652694;0.9698862050259109;0.6493750960368607;0.8496813715610155;0.6604613812113812
db9ac400755d49f0b9c1eacb7e3ce8a8;0;loft-with-instructions;1;0.7485505842937866;0.8095225135693667;0.961576009230421;0.8246143706511354;0.8607428127428126;0.7976287185037185
b218c01b826b425488caa20c2f17c0a9;10;loft;5;0.6321056131289877;0.3297234886441955;0.9903278018278019;0.22169482723159192;0.5652785547785548;0.26366707366707365
b3ae301c4539426abbe3b3a78578c4fa;10;loft;4;0.706102057349106;0.6137980697027806;0.9791015498662557;0.49740806388600506;0.8235826627076627;0.5412456894956895
e5a9f8fee248419d83fd2ee9312a2ac4;10;loft;3;0.6248987047459453;0.31616616437995687;0.9915315055315055;0.21062131740808213;0.5508452010952011;0.2509210511710512
866b046351474e7a8338e7beec2d9c18;10;loft;2;0.6636585596286028;0.44535752962344893;0.9877565767565767;0.3215801086168733;0.6855694675694676;0.37163984163984165
e77ca0ed85cd4e99b6a3c415c274d4d3;10;loft;1;0.7085952171434504;0.6141650346584803;0.9794679519826578;0.50314560874855;0.8241561864061864;0.5441502109002109
9e631263d5a843869bbce0a58bcf2ab4;8;loft;5;0.6158671580561943;0.2703787021857758;0.9936998186998187;0.16949240574240573;0.5122061087061087;0.21018915343915343
93fdba367932445f8980691124096ffd;8;loft;4;0.683504502941234;0.5417049981832928;0.983669696044696;0.4205307677072383;0.7819008491508491;0.4661920856920857
ee1fab66ae3f43698aec3210fd0f790e;8;loft;3;0.6132706962391442;0.25583042633022446;0.995922040922041;0.1636146214896215;0.4898397065897066;0.19861195286195285
25ef3ee1f8b9403aaf2a3c1694df12bf;8;loft;2;0.6401897368642187;0.38221401317955367;0.9888285464535463;0.26252715884333533;0.6396311928811929;0.30977023902023904
ac164251716f4f28b8a4802c04c4f320;8;loft;1;0.6824370469144632;0.5437652615644045;0.9802940346690346;0.4231539745657393;0.779982535982536;0.46735136160136154
58f90ba68b674c6cbfe14561ed7c4a94;5;loft;5;0.5856113540434478;0.12946416655240184;0.9978875291375291;0.07588488825988826;0.27378547378547374;0.09712974987974989
d097021b6e6f416e963ca4456da212bf;5;loft;4;0.6352714555227107;0.351257752085488;0.993207634957635;0.2388004952563776;0.5860044492544493;0.28393259518259517
1c07d63e95ba412ba35d9e79e8254499;5;loft;3;0.5852015862276698;0.13336952045775574;0.9981905594405595;0.0785448717948718;0.28439658489658487;0.10018121693121694
69fecd9aaabd482f926563217b84f220;5;loft;2;0.6068026480013557;0.22738545302655547;0.9976905594405594;0.14049337971396794;0.44092039442039443;0.17674122174122175
365df58846cd47d09733fc71ac182dcb;5;loft;1;0.6337178427654367;0.3457204462827023;0.9903583083583084;0.23398637419225654;0.5738261183261183;0.27994453694453697
29df4f2ae30c46cfa8239638d0c8739a;3;loft;5;0.5771064431189078;0.10380431883218261;0.9964405594405593;0.0578072491234256;0.23968253968253966;0.0750113035113035
88eaff7a699c4d4b93b1e940b60cfe70;3;loft;4;0.6180651697075005;0.2855617409512012;0.993385003885004;0.1871307173218938;0.5101341991341991;0.2226786916786917
5d873947850344c9866df60a8dbfa0f3;3;loft;3;0.5762234528148649;0.09349104988578673;0.9971072261072261;0.051503472834355184;0.2182936507936508;0.06715416065416065
d7539672c68b4dd787d649b3a8cfa6a6;3;loft;2;0.5926176886194924;0.17994131502598995;0.9953294483294483;0.11155006186623834;0.3758941798941799;0.13503415103415103
c6dd4ffb53d04044836cf3222ee8d0c2;3;loft;1;0.6192660283976006;0.2845195553500507;0.9937553742553742;0.18321331527949175;0.5120113035113035;0.22168722943722946
520586c9fada44ddab1bde2e78f300a6;2;loft;5;0.5847726098318506;0.12289474569741093;0.9971599326599327;0.06842808389867214;0.23982239057239055;0.09119288119288119
2aafa3eb7f5f4b488c332f47097dbdcf;2;loft;4;0.630011972856242;0.331774799312983;0.9920128667628667;0.22942236412824646;0.5366456228956229;0.2693757076257076
77cbd7844844465ea632e1e15b23ba20;2;loft;3;0.5833287682940194;0.12111029966528687;0.9974629629629629;0.0695001229707112;0.24139646464646466;0.09034331409331409
b043b8c1374444e1aefe3b2087ba95f1;2;loft;2;0.6017111113652405;0.19506905043750514;0.9957988215488215;0.11900631258719495;0.37067688792688797;0.14849374699374698
2bd5916ad48c4648b9b6db3b8eefcf05;2;loft;1;0.6273200825398161;0.31799387246549266;0.992138407888408;0.2188770159578983;0.5205161135161135;0.25629922854922854
7ae0071b66e345b3ad105fa39db28157;1;loft;5;0.5604405143244455;0.025677896177896176;1;0.015561868686868685;0.048968253968253966;0.02113263588263588
38b1ea2ee123453888f7044b39a71a91;10;amo-3;5;0.769656045751634;0.8483849173173535;0.5047829485329485;1.3310227278168454;0.7536193342817624;0.9941189736189737
ce84090b98384c66bacd257bce5992dd;1;loft;4;0.5652336622096986;0.05373474455827396;1;0.03153183853183853;0.0998015873015873;0.04288335738335738
fa55c8d1e0694677afd62a40155e0ced;10;amo-3;4;0.7683635620915032;0.8429472792743792;0.5147803030303031;1.3457830045771222;0.7450870890600304;0.9946971361971362
3b0e7aa8a7f04b99864fe3c169ba152b;1;loft;3;0.5597287833166619;0.024203657997775643;1;0.015664381914381912;0.04125;0.02041041366041366
fd87858c11d7443fb80b5e09c2c7ef2a;10;amo-3;3;0.7798839869281046;0.8460657717996114;0.5543757816257816;1.3417363984055162;0.751515347061435;0.993005217005217
3f9d1f4a774940d18b840374ce6e4281;1;loft;2;0.5618330581840947;0.03777699207110972;1;0.02387734487734488;0.06502777777777778;0.03168290043290043
f1610098bb2b4373bfe88178f1d4e6d4;10;amo-3;2;0.7823717320261439;0.8559228704690526;0.5385422077922078;1.3100853180044356;0.7647856349401277;0.9943664483664484
082648f3429544849358c6d670cdaf60;1;loft;1;0.5664012475483367;0.0565063090504267;1;0.03245923983423984;0.10763888888888888;0.04495214045214045
5ecbeea831a444feae6d95e1f9f639cd;0;loft;5;0.6951282648031538;0.6773704466726905;0.9852784854034854;0.6079690059395941;0.8356693676693677;0.6041936951936951
2f2d5501b50d48cc95a106c0c8a4fa4b;10;amo-3;1;0.767328431372549;0.8453452228258128;0.5048464405964406;1.336398893318011;0.7475387868294806;0.9949631294631295
a54feca6498a4d76aba805cc4a67de3e;0;loft;4;0.7585655087963541;0.8181415817213095;0.9666619649413768;0.9186272406787114;0.8300625655858527;0.8310365606615607
10387760f27544ec85dfd9cf26647dce;8;amo-3;5;0.7825334967320261;0.8575548237315135;0.5317329244829245;1.3037380911572087;0.7658815768812349;0.9949712694712693
5ae23c9b4be54981aacc81772903128f;0;loft;3;0.7095298171308906;0.7314971628227458;0.9843737234987234;0.7171446094754919;0.835968984962406;0.6822362544862545
d45f6f77c49441d9a8c3c15f8249126e;8;amo-3;4;0.7801348039215686;0.8537364243706645;0.5431269841269841;1.3159008094302214;0.7602579498940684;0.9949712694712693
fecc97818496444ba50636080f81c8da;0;loft;2;0.7449014135370071;0.7981386999589833;0.9747482550129609;0.8288312099120922;0.8500858788900585;0.7784054649054649
8bcc9fe3aef8498aba3657f779772126;8;amo-3;3;0.7897736928104575;0.8556224626878968;0.5679646464646464;1.3136889425933544;0.7634934119737579;0.9941682391682393
a844abc9a8894aa79a70507919cbe58e;0;loft;1;0.7682318040400993;0.8349668671448364;0.9665752646046764;0.930441813088872;0.8432007071875492;0.8489499898249898
83c0d1e7875c4fec89d9e0a82450786e;8;amo-3;2;0.791437091503268;0.8601705786958701;0.5619023569023569;1.2959002808193985;0.7701522569189112;0.9949712694712693
1112d2b758c34b63b5487788f1ce139c;8;amo-3;1;0.7811102941176471;0.8533168890403092;0.5335569985569986;1.3185947589991707;0.7586813550710743;0.9959221241721241
381ea3f5c5334601941a75e24ce98925;5;amo-3;5;0.7879289215686275;0.8627830267109919;0.5538822751322751;1.2839131165675282;0.7733187577187275;0.9949903799903801
4613495a77f54717b8ec2308a0a0be57;5;amo-3;4;0.7824142156862745;0.8581293948052258;0.5470079365079364;1.296737565266977;0.76640800051429;0.9944707422207423
47974d4a683c455bac90e3af7de51f72;5;amo-3;3;0.8026486928104575;0.8662708086048493;0.601281746031746;1.2800845363786542;0.7800584946975746;0.9934837662337662
06dd7160f72d49f0b1f5143d2574497e;5;amo-3;2;0.7970563725490196;0.8668174434724474;0.5813677248677248;1.2687425311616487;0.7798715777959048;0.9940088985088984
9b794472597a4a33baa6ccc71cbd9a2b;5;amo-3;1;0.7868153594771241;0.862190025718048;0.5524576719576719;1.2848464147508265;0.7726565808140334;0.9944493746993747
88908b62533741fbaa809f898b2188d9;3;amo-3;5;0.8066078431372549;0.8743098383718363;0.5950135882635883;1.24624714229126;0.7905043270544684;0.9945069976319976
f9e57dfd8a1440529fde0edc0510b5a3;3;amo-3;4;0.7959893790849673;0.8673358562587113;0.5882715247715248;1.259441924361042;0.7803482348952803;0.9925473415473416
c8d22e62da244773b67255555da83646;3;amo-3;3;0.8102589869281045;0.8725903579318786;0.6310215247715247;1.2495722986164162;0.7903053593853836;0.990987998112998
fd46b970992a4a2c8bcd13c4819d9507;3;amo-3;2;0.8092369281045751;0.8753779543752368;0.61045670995671;1.2373605520296698;0.7928109920383779;0.9932456339956339
f58b2bd0294f4345b73db3e78c190e26;3;amo-3;1;0.8002834967320261;0.8702571098078332;0.588731721981722;1.2524896867838045;0.7851657374416663;0.9925127095127095
b76d95a6cda148978b0686422ebddf43;2;amo-3;5;0.8081462418300653;0.8768344987449971;0.6178193843193843;1.2336058312602431;0.7975734923544521;0.9922506845006845
bb8a85ae85854e34893b2b9e65495e46;2;amo-3;4;0.8004918300653595;0.8716480824557054;0.61073075998076;1.2386831752125869;0.7897470723839011;0.9905907518407517
acbe1d1ce68e48d1a16a49b25642e4f4;2;amo-3;3;0.8153210784313726;0.8766707244498811;0.6495707070707071;1.2361113752804929;0.7977937212547983;0.9908895733895734
83c33eef64994d9c81612f62f7ac7988;2;amo-3;2;0.8089787581699346;0.8785072305195168;0.6322109187109187;1.221493738287856;0.8009575894955018;0.9910469807969807
7961aaedbbe84ae6954e9cd4b41f2d18;2;amo-3;1;0.8050040849673202;0.8729265075623762;0.6132175324675324;1.2427069338613455;0.790896066973389;0.9925419302919303
547527ae013b433984057f11ce683fe0;1;amo-3;5;0.8050040849673202;0.8717472050203128;0.5965240500240501;1.2467722778311014;0.7912664405394201;0.9914762829762829
660b1f4c5e004a62ba8c0222bbb28e31;1;amo-3;4;0.8001454248366012;0.8683405666826294;0.5932965367965368;1.2528755647946825;0.7851230519499611;0.9912396307396307
12452acffb4244c99729e506945eac4b;1;amo-3;3;0.8143962418300653;0.8719569166674178;0.6435094997594998;1.250616151549975;0.7933443714940639;0.9900990953490955
62036f01b35b4fc9991009aa0b3f78d5;1;amo-3;2;0.8115285947712418;0.8729578980653651;0.6254539442039442;1.2394911515499751;0.7936972506878772;0.990592685092685
a2f856027c844f43aa14afbfc8b411e5;1;amo-3;1;0.8025841503267974;0.8695614294524391;0.5939087301587301;1.2531001536589772;0.7874968912981856;0.9916283161283161
8b69b87e99184aef8ea42ab533dae3f3;0;amo-3;5;0.7962998366013071;0.8585368614095397;0.633256734006734;1.2815340220781397;0.7702741029495673;0.9882581955081956
8f804182d07943658e44df7a35cc4de3;0;amo-3;4;0.7880751633986928;0.8531792057851949;0.637330808080808;1.3022528911720088;0.7619127885673551;0.9881926684426685
44c84def40f648bb8e0048720658536d;0;amo-3;3;0.8013349673202614;0.8529530727922288;0.6720781625781627;1.30342283234195;0.7630305385801887;0.986910261035261
c451a9e1ccff4cdc99f7074f5ee57d57;0;amo-3;2;0.7998112745098039;0.858466428366066;0.6501378066378066;1.281542097336215;0.7704960165221776;0.9883098660598661
8143bf3f82ae4fcca0fd5e97a8b10f75;0;amo-3;1;0.7900531045751633;0.8544689260145097;0.627508177008177;1.3002870190811366;0.7630957883447821;0.9896605154105154
a6c84c21e4c6463d948aab0e715ce358;10;dense-shots-no-id-echo;5;0.8304975490196078;0.906794379726342;0.7294739057239057;1.0914255115799234;0.8483836447923135;0.985002627002627
2e7f44ec14304df9ace48590705601c0;10;dense-shots-no-id-echo;4;0.8269444444444445;0.902450061322489;0.7266616161616162;1.1048486810030929;0.8405369750218822;0.9858516668516669
3a3d5addc04c4ee6b4b4bb11e7b772bb;10;dense-shots-no-id-echo;3;0.8330285947712418;0.9034132116708394;0.7514170274170274;1.098235146389558;0.8447687749127378;0.9827068024568024
26f244e409884763915841ee5c6eb585;10;dense-shots-no-id-echo;2;0.8334812091503268;0.9093137871772409;0.7429037999037998;1.0817519999064116;0.8529184827756808;0.9844772912272913
eae6d140c8574492b1d9bf5b851f415e;10;dense-shots-no-id-echo;1;0.8278488562091503;0.9042267365457801;0.7231814574314573;1.0994744441288558;0.8433845797591928;0.986020535020535
bb5b2d6ca8934e1b80a81bcd1ef0f35f;8;dense-shots-no-id-echo;5;0.8228790849673203;0.896768590849513;0.7069224386724386;1.1130708232399409;0.8354487952707768;0.9796987364487364
e7b028391e094483830d21c4d48404c5;8;dense-shots-no-id-echo;4;0.8214183006535948;0.893367373043193;0.6913496873496874;1.1397361440302616;0.8247966335397966;0.9859985107485107
ed435992223b4425bd6e99c0b424cdf6;8;dense-shots-no-id-echo;3;0.8265016339869281;0.8931486204089163;0.7299396344396344;1.1262463791654969;0.8314956929513173;0.9778620083620084
8e2dfcb4325c495083b3d22a0a88d8d9;8;dense-shots-no-id-echo;2;0.8290073529411764;0.9011392911890904;0.7167359307359308;1.103931934351052;0.8404827062056164;0.9825929163429162
af64ed91b7c849bcbe68959b0df7268f;8;dense-shots-no-id-echo;1;0.8252777777777778;0.8979035068383076;0.697665824915825;1.1282426467867643;0.8314048614831638;0.986956487956488
6147228a7b6b4533b197359353cf3132;5;dense-shots-no-id-echo;5;0.8285057189542484;0.896439972350837;0.7202257094757094;1.1160999852543971;0.8383906502281115;0.9758989251489252
065ace8a399641e9b91487f28c075821;5;dense-shots-no-id-echo;4;0.8209093137254903;0.8872663634754271;0.7018419913419913;1.150612078281196;0.8189446993227281;0.9810808728308729
6688c863d61a44a3a92ed46bc097e3cc;5;dense-shots-no-id-echo;3;0.8303799019607844;0.8904497918961625;0.7417733285233286;1.1280910807601985;0.8305227215165295;0.9730087597587598
5a70b26fe3cc4e53bf2f460d6d918a4d;5;dense-shots-no-id-echo;2;0.8284321895424837;0.893434238898493;0.7248155363155363;1.115357203526321;0.8338857797545878;0.9747138602138602
05c95f02ce5a40feab980113e45c26e8;5;dense-shots-no-id-echo;1;0.8244468954248366;0.8911406942083456;0.7041475468975469;1.1369815666359784;0.8251626048530073;0.9812355052355052
dd3f4998e82d4ccfabd7deef629ed645;3;dense-shots-no-id-echo;5;0.8203472222222222;0.8831195665287019;0.7280162337662337;1.1662748150542268;0.8146030195581279;0.9794931503681503
17d194dd0040433d9038f7d30b4c5e44;3;dense-shots-no-id-echo;4;0.8218660130718954;0.8804126999744898;0.7236630591630592;1.1944740417534536;0.807346703248019;0.9848667443667444
1afea8bd60a6454aa9770c74e944cf4c;3;dense-shots-no-id-echo;3;0.8218325163398693;0.8781450926526695;0.7485493025493025;1.1878568520259698;0.808537233334834;0.9784790441040442
ab02271b9eb4437da93fc2adc5dd3985;3;dense-shots-no-id-echo;2;0.8270866013071896;0.8864815449769325;0.7317635882635882;1.1671337894132012;0.8187178511203279;0.9820099853849854
813fa2279a9f48a2a816fe21b2b80e04;3;dense-shots-no-id-echo;1;0.8256151960784314;0.8838515483075925;0.7255373977873978;1.1910981306275423;0.8116177536630323;0.9867758352758352
7ee4a7c9cb8040e3885f7014330e509a;2;dense-shots-no-id-echo;5;0.8196535947712419;0.8905805709117474;0.7017425444925445;1.146053556193262;0.8250644111650304;0.9806373903873904
315013be773b44fbbcd0bd3bf838da55;2;dense-shots-no-id-echo;4;0.8159787581699346;0.8820785571415016;0.6976022126022127;1.1796308353955414;0.8102559278956337;0.9815009897509898
05c16ed2b7f1466d90fefddfc6923ff1;2;dense-shots-no-id-echo;3;0.8207066993464053;0.8817925950758765;0.724005772005772;1.1755532727076845;0.8131188934760916;0.9785735005735006
2cef46814fd948cca61dfa89d437f928;2;dense-shots-no-id-echo;2;0.821734477124183;0.8908768305478213;0.7100573593073592;1.1422688857982974;0.8258663863226557;0.9800012302512302
fc2a85c73b524765950b17b240756f4a;2;dense-shots-no-id-echo;1;0.8204411764705882;0.8866725155292103;0.698266354016354;1.1682591653988712;0.8165297389658844;0.9827178377178378
6cedc2e1c8bd4df693405650d8894926;1;dense-shots-no-id-echo;5;0.7878096405228758;0.8575763635420828;0.7157932900432901;1.0776893495937614;0.8224199168707683;0.9217215654715655
0993c4975c9d4e5295c8c93767f142cb;1;dense-shots-no-id-echo;4;0.8022385620915032;0.8732129579924292;0.6529235209235209;1.1881403615447734;0.7978775412467363;0.9796226736226736
c8c4c1f89b244ea38fbf004b7db82a9b;1;dense-shots-no-id-echo;3;0.788734477124183;0.8528810176902849;0.7319718614718614;1.084194779349191;0.8159777932421896;0.9186739834239834
771072305b8948849e1dfee5d9606fb2;1;dense-shots-no-id-echo;2;0.80421977124183;0.8782435339942655;0.6965905483405483;1.112216054370466;0.8236014452953307;0.9581025178525179
692bbe0e35ae44439c397031498a26b2;1;dense-shots-no-id-echo;1;0.8042900326797385;0.8763838267678071;0.661219696969697;1.1685581335875455;0.8040428879685845;0.9781581011581011
b0880a7786924ae5bbece1dccfdb9cd0;0;dense-shots-no-id-echo;5;0.8055261437908496;0.8346698995287898;0.7211245791245791;1.3776789835981014;0.7433093137175202;0.9859167591667591
b6aaf2a741ab47598879f0118c304fcf;10;dense-shots;5;0.8171617647058824;0.8875496235522987;0.6718908128908129;1.1539521687462864;0.8189926860921443;0.9838159525659526
818fd4136df84ec2b6c19094112ef866;0;dense-shots-no-id-echo;4;0.7951266339869281;0.8275341694632218;0.7311206108706109;1.3989791695232872;0.7314476423780886;0.9856224608724609
18fc7fa3dcc545a987f8bf8f21eab72d;10;dense-shots;4;0.8127549019607843;0.8852804067030036;0.6639873737373737;1.1706461876903054;0.8124642110079786;0.9863019295519295
6efdbeef3ec340078eea7c4c3a156f20;10;dense-shots-no-instructions;5;0.6885049019607844;0.7231273243333647;0.7895113035113035;0.8399762040791452;0.8228168444043057;0.7051030173530174
db81d96fb36e4a8d8670ace06a9eb1a1;10;dense-shots-no-instructions;4;0.7621936274509804;0.8180218003179945;0.7319464886964887;1.0296219420557657;0.8210874921064886;0.856137048137048
eb270105b6b64c9ea12d69617d3a3713;10;dense-shots;3;0.8237312091503268;0.88810459983513;0.7053643578643579;1.161308696477814;0.8190383055723983;0.9842842065342065
a806f8d5ed07431abd4e41eedc420516;0;dense-shots-no-id-echo;3;0.8060669934640523;0.8273106816249245;0.7328826358826359;1.4116974466165644;0.733221667229826;0.9863848928848928
75864e3956344452b49dceb3f963ffd8;10;dense-shots-no-instructions;3;0.6936127450980393;0.7243543508136046;0.7982111592111593;0.8476530305206775;0.8238278636468501;0.7073353590853592
c99dac69655e450f8de8705e23e4ee49;10;dense-shots;2;0.8208096405228759;0.8932705014082521;0.686699013949014;1.1366080591521768;0.827278968594758;0.9841183076183077
1c789578dd614cda925825d860b38419;10;dense-shots-no-instructions;2;0.7300400326797385;0.7808836483845328;0.760279822029822;0.9213502573134927;0.832486812402677;0.7860520868020867
ef4cfccf9eae44af923990c7a0ece8a8;10;dense-shots;1;0.8164403594771242;0.8879263391624592;0.6656500721500722;1.1624311296002472;0.8165992178569949;0.9866366226366226
b589c6b294a642d997a8eea90d706067;10;dense-shots-no-instructions;1;0.7622246732026143;0.8192744749271877;0.7306038961038961;1.0106470419558655;0.8289380350247559;0.8536861009361009
1adfce40652b4c2a9a5c94f9f5e0dba6;0;dense-shots-no-id-echo;2;0.8135637254901961;0.8391768030957222;0.7442965367965368;1.36842135234047;0.7527603309034258;0.9839764494764495
8f639dc772b0454f814e431440219ac6;8;dense-shots-no-instructions;5;0.5979125816993464;0.5920908089106479;0.8281701539201539;0.6338547890018478;0.7947786958340364;0.5378786676286677
059734dd5e9b4f9fb68fd0891b60c5e0;8;dense-shots;5;0.8016127450980391;0.8782082389627184;0.6560137085137085;1.1597515499206674;0.8085346669154719;0.9767397417397418
6c399454681c4c70a3a948890666b941;8;dense-shots-no-instructions;4;0.6942099673202614;0.7359420364034798;0.7730376382876383;0.8846414620238149;0.8112702569543497;0.7345538073038073
d3262979330a472b8d0950548d20661f;8;dense-shots;4;0.8031870915032681;0.8777134547761417;0.6549264069264069;1.1828826271767447;0.8026415513737496;0.9835718170718171
c0225e8b79b146ea938a066c7a62f8f1;0;dense-shots-no-id-echo;1;0.7995506535947713;0.8219707142882686;0.7197330447330448;1.444988669282787;0.7261499767964115;0.9869391626891627
7107b92ead424a448fef221a49c817b5;8;dense-shots-no-instructions;3;0.6011707516339869;0.5968251574944031;0.8385206830206829;0.6554051895816602;0.7938015293673188;0.5451563899063899
127820b846c4423fa99463735d6109df;8;dense-shots;3;0.8068202614379084;0.8777213270966738;0.6782002164502164;1.1648537671478847;0.8093414191485948;0.975036556036556
26e8ae74e0514380bd29a8ef6d7222f1;8;dense-shots-no-instructions;2;0.6480825163398694;0.668641765394511;0.8071026936026936;0.7525725712196301;0.8137765279382926;0.6337615625115625
ae137f45cd0141779f0643dd2ac2a3be;8;dense-shots;2;0.8077222222222222;0.8826924380697451;0.669989898989899;1.1503522547713725;0.8140766053262183;0.9777160432160432
bb695fd9ef3044998020f2c8b29782f3;8;dense-shots-no-instructions;1;0.6949419934640523;0.7349552821166285;0.7699278499278499;0.8943246247216835;0.8117600305181574;0.7342184574684575
0001a5f608894abd98c823776635baf3;8;dense-shots;1;0.8041437908496732;0.8787983866128326;0.6507438672438672;1.1788554182745359;0.8056036894078802;0.9822312594812594
671b90c2e6fc4162b495cac874525105;5;dense-shots-no-instructions;5;0.5481127450980392;0.49856191792869337;0.8895301827801828;0.5109401521680933;0.7553544800715853;0.4303228068228069
6f5dbbb56bee496ea2ed10c73527a1df;5;dense-shots;5;0.7981633986928104;0.8653765480308221;0.7000899470899471;1.0985787222037222;0.8234231120330191;0.936443833943834
2bf3101c267c49db93e3d86da777d4cf;5;dense-shots-no-instructions;4;0.6457598039215686;0.6547446073187263;0.8033089225589225;0.7856815610859729;0.7880718758084059;0.6335245032745033
f25f46a852dd4e23b1bea653ae215cb2;5;dense-shots;4;0.8046985294117647;0.8729350420450305;0.6741798941798942;1.1723888459035516;0.8069132593861023;0.9697280959780961
0c2fc88ed7774f9b96a9df0432bcd319;5;dense-shots-no-instructions;3;0.5476740196078431;0.4961032546861841;0.884676887926888;0.5247343209622621;0.7481914635961289;0.4300622340622341
ba80cbd804ff41c396401512bcf00fa0;5;dense-shots;3;0.7989803921568627;0.8588554074995305;0.7207646705146705;1.1081272319728201;0.8180847189990379;0.9299127169127168
61fbacd9b3c84343a5b35402a0202d26;5;dense-shots-no-instructions;2;0.6029754901960784;0.5888283319152001;0.8506489898989898;0.6310302341993519;0.7974460322958775;0.5350723443223443
19a416c0cd4747f694eca1907c811edb;5;dense-shots;2;0.8051209150326797;0.8729124192349229;0.6915874218374218;1.1192638907933026;0.820599799603885;0.9524967162467162
4432f242a8ba40a5975a2fa2125a4314;5;dense-shots-no-instructions;1;0.6496013071895425;0.6593427357174672;0.8026911976911978;0.7812949245743364;0.7953709168551372;0.6342705951455951
710d14b20c874c3b87842a1428d77786;5;dense-shots;1;0.8093643790849673;0.8783040109375843;0.6724603174603174;1.1532549903799905;0.8151971003299524;0.9686132386132386
0cd1171c508c4984a66b850f9beef5ad;3;dense-shots-no-instructions;5;0.5741658496732026;0.5427660731554514;0.8743778258778258;0.638173484195543;0.7451928807633141;0.5036276316276317
e98374fbb9964ca9ba19638cb3ad80d3;3;dense-shots;5;0.7461952614379085;0.80152340028704;0.7261566859066858;0.997519148607384;0.8114630540249398;0.8397965123112182
b4a0a3c5263b467d9871c6e5459e38db;3;dense-shots-no-instructions;4;0.6724362745098039;0.6892759101042387;0.813797138047138;0.9612070935600346;0.7639506013203236;0.7122376517817695
f5d05f6121ed425da2656759897bc86d;3;dense-shots;4;0.7840424836601307;0.8498691851040221;0.6850983645983646;1.1563188363923658;0.7979767240986282;0.9370658461908461
fce9b6a28fa8448aa1391641c867dd84;3;dense-shots-no-instructions;3;0.5698937908496732;0.5312761155356529;0.8813235930735931;0.6737569979040567;0.7322041749810292;0.5007359133241486
00bec0fe5c96493191ceb3bb4e53f58d;3;dense-shots;3;0.7464035947712417;0.7991127836634629;0.7452532467532468;0.998088879802115;0.8102766736760545;0.836178963193669
d33e5e1766164944b2f3fd70cff76a2c;3;dense-shots-no-instructions;2;0.6293316993464053;0.6263946471939651;0.8505603655603656;0.7824599768423297;0.7758547061856895;0.6130982791718086
6425bac164e14389bb40910424d48e19;3;dense-shots;2;0.7738202614379085;0.8392412273845096;0.7235283790283791;1.0481210758196051;0.8245257545745162;0.8936591959239019
7c14b6a31b7d4e2e9a76fb6f2c2be3a5;3;dense-shots-no-instructions;1;0.6751887254901962;0.6924974152539934;0.8092468734968735;0.9474067226346639;0.7662595692076489;0.7120779226220403
626269c1da024777b7d3010fcebe92e6;3;dense-shots;1;0.7886176470588235;0.8587626088808764;0.6906379268879269;1.1260489303724597;0.8116460569587505;0.9376331538831539
6e6350578d4e4ac290ad69efdb43332b;2;dense-shots-no-instructions;5;0.5906919934640523;0.5681225494410386;0.8945829725829725;0.7023576010046598;0.7447634904215554;0.5439427919574978
7699c73ebec243b495611a09e58b18ec;2;dense-shots;5;0.7065833333333333;0.7622876878457396;0.7676077441077441;0.8795299697579109;0.8374838964498407;0.7577077399724459
a8173e2a0156424c9b753e6ea5ee060d;2;dense-shots-no-instructions;4;0.6770955882352941;0.7012859702844569;0.8314823232323232;0.9790008752141104;0.7618542101282005;0.7346461223961224
9e3613443229414bbd2f20c5be8027d6;2;dense-shots;4;0.7710408496732026;0.8413043270911766;0.7130983645983645;1.0855892095377389;0.8124800809480275;0.9029894272394273
6ba9a6a5286d4d1a9cb242af0d3cf667;2;dense-shots-no-instructions;3;0.5898374183006535;0.565542582092793;0.8973635161135161;0.7368248189718778;0.732241498854889;0.5503035423182482
331ae78a348342c3bac90827c7ccfb13;2;dense-shots;3;0.714093137254902;0.76689385334617;0.7824953102453103;0.8918851886131297;0.8407510375904339;0.7621273897670956
38303dad27f44be38bfa86674c0796ce;2;dense-shots-no-instructions;2;0.6449934640522876;0.6514832454632711;0.8667536075036075;0.8406273631053043;0.7732805425153335;0.651000444000444
b2c83927a2344862a7eaf5750012b928;2;dense-shots;2;0.7454313725490196;0.813187367883755;0.744097162097162;0.9679829579461932;0.8362697153923934;0.8337875689125689
916d3cd6af0345129c39f07b0ce78cae;2;dense-shots-no-instructions;1;0.6817867647058823;0.7079945446030241;0.8293422318422319;0.9838469120748533;0.7667568286847312;0.7399431494431494
66d2ef4345bf4f4a88f91205cd1c8100;2;dense-shots;1;0.7726977124183007;0.8445094601438832;0.7110561568061567;1.0717317290552584;0.8200007458142133;0.9012327024827026
d41a4f8b667f4f77ad2e5ce851c45e1d;1;dense-shots-no-instructions;5;0.5640694444444444;0.5175116780351977;0.9028291245791246;0.6710810578310578;0.6837488497718925;0.5066997446997447
d443016da79b4eaaa341d4ab98f4ddb2;1;dense-shots;5;0.6792671568627451;0.7136662357347111;0.8030640933140932;0.8259368218927042;0.8255867200395064;0.7086420107670108
d079b757697b488998b9195e7b89bd77;1;dense-shots-no-instructions;4;0.6244289215686275;0.6186434537113432;0.8561713564213564;0.8748810402560402;0.7327571028537478;0.6406442307692308
4cbab1b431014d6ebd583f544d1b2845;1;dense-shots;4;0.7532851307189543;0.8138627008838752;0.7142795815295816;1.0808372694843285;0.8020745444212937;0.8805123395123395
7676ece56e28440f8495ab020c471909;1;dense-shots-no-instructions;3;0.5621290849673202;0.5116484623669089;0.9108595478595479;0.6898714988714988;0.6699739519224039;0.5078912476412476
9983d6ee4fdb4819a8b2e3305269e0f6;1;dense-shots;3;0.6831045751633987;0.7163079501265954;0.8130827320827321;0.8473149266311031;0.8241488025619604;0.7134851953601953
0dd2c02103704b678703b164dfa42b13;1;dense-shots-no-instructions;2;0.5953382352941177;0.5677755446509813;0.8820378787878789;0.7417894004144003;0.7122837478855281;0.5649727032227032
33fa20f770bb4b51bde1a76ed69b1a37;1;dense-shots;2;0.7285163398692811;0.7818935755201426;0.7691275853775854;0.9490670383538031;0.8233314020430893;0.809235038110038
7fc51d39b80c425b8a4bb79977c20376;1;dense-shots-no-instructions;1;0.6264501633986929;0.6205338216443566;0.856508658008658;0.8682315184815186;0.7450136044187106;0.6374095487845488
009ec8b02382477a88c972a0bc348ef9;1;dense-shots;1;0.754593954248366;0.8174828493843896;0.7163921356421357;1.0588590083663614;0.8151115500856213;0.8783964322714322
be0e402656154d46a4588e5fda6ebf92;0;dense-shots-no-instructions;5;0.44297712418300655;0.3442792029199419;0.9905051707551709;0.2719792674645616;0.8539942002442003;0.23128605653605652
673f94b41c0745ecb197f4c9b7b8be85;0;dense-shots;5;0.8243161764705882;0.8522289911738518;0.7754766714766715;1.2949415530003765;0.7789666127269906;0.9724089151589151
28176535cece44a9a70bd42b7a0cca1a;0;dense-shots-no-instructions;4;0.47742728758169933;0.42133512426230246;0.9723570226070226;0.3936015724471607;0.8365394548119006;0.3127179857179857
4667eff89a5d4c29990688dff0357c07;0;dense-shots;4;0.8146021241830065;0.8492294230497858;0.7751669071669072;1.2917541431879669;0.771768841652981;0.9712703592703593
0a2192bd495a4270b9018210899fddf1;0;dense-shots-no-instructions;3;0.4380563725490196;0.3403462193658283;0.9892551707551708;0.29057181843211255;0.8211154956154956;0.23309828134828134
18e2788dc6f442a3b7380d49ec560e9b;0;dense-shots;3;0.8218660130718954;0.8429940189508675;0.7896830206830207;1.3276314788153025;0.7652701724771618;0.9719510859510859
69704ff9b69c4d0d824f5f3bf52f9e50;0;dense-shots-no-instructions;2;0.46366013071895423;0.3842927478854556;0.9861625781625781;0.3316033761989644;0.8675629278129278;0.27021338846338844
11fe0a1a48db45cfb730fa3a9c22dd04;0;dense-shots;2;0.8288006535947712;0.8588295219190589;0.7903602693602694;1.2605347468435704;0.7891418907819127;0.9701870629370629
4e5299ac3788444eaebf9952ecc6bcda;0;dense-shots-no-instructions;1;0.48223774509803924;0.42720874563261757;0.9750104617604618;0.40010425032483854;0.8423328036199553;0.31831142006142005
d1f06db4177b450f9c83bab5f3332f48;0;dense-shots;1;0.816906862745098;0.8488122160150957;0.7696524771524772;1.3013898731986968;0.7725330072504851;0.9724199041699042